symbol,date,price_change_5d,price_change_10d,price_change_20d,volume_ratio,volume_trend,sentiment_news_delta,sentiment_reddit_accel,sentiment_options_shift,social_stocktwits_24h_change,social_stocktwits_hourly_momentum,social_stocktwits_7d_trend,social_twitter_24h_change,social_twitter_hourly_momentum,social_twitter_7d_trend,earnings_surprise,revenue_growth_accel,analyst_coverage_change,rsi_momentum,macd_histogram_trend,label
AAPL,2022-01-27,0.004302185510239202,0.012081623215214771,0.000914703864623971,1.2023059578299404,865718.6848484848,0,0,0,0,0,0,0,0,0,11.111111111111121,63.55292408219614,15,17.697770439050345,1.0055972833888562,1
AAPL,2022-04-28,0.050680250177316304,-0.034770761758085564,-0.06917628241745695,1.066477537157275,-686828.8363636363,0,0,0,0,0,0,0,0,0,6.2937062937062995,-18.89993289841127,15,17.697770439050345,1.0055972833888562,1
AAPL,2022-07-28,0.11449231696294078,0.09316586627262663,0.011001024940211915,1.0170378417876687,2636916.278787879,0,0,0,0,0,0,0,0,0,3.448275862068969,-19.937292841789805,15,17.697770439050345,1.0055972833888562,1
AAPL,2022-10-27,0.01378055122204891,-0.005991077119184179,0.0674880219028064,0.9079801171205184,3338714.503030303,0,0,0,0,0,0,0,0,0,1.5748031496063006,-26.788307276949116,15,17.697770439050345,1.0055972833888562,1
AAPL,2023-02-02,0.082464096749811,0.13622659473183116,0.07345776178697258,1.187627768038524,-3997455.006060606,0,0,0,0,0,0,0,0,0,-3.092783505154642,47.70151683241157,15,17.697770439050345,1.0055972833888562,0
AAPL,2023-05-04,-0.03949020592666996,-0.02955915001585789,-0.04440974391005612,1.315487242037662,-4014339.496969697,0,0,0,0,0,0,0,0,0,6.2937062937062995,-6.115452825899281,15,17.697770439050345,1.0055972833888562,1
AAPL,2023-08-03,-0.00005435964340084435,-0.028005284015852106,-0.03458591371890419,1.1887489332248309,-2504761.618181818,0,0,0,0,0,0,0,0,0,5.882352941176476,-23.578352889139317,15,17.697770439050345,1.0055972833888562,1
AAPL,2023-11-02,-0.027140224493214862,0.0130844382414515,-0.023431806715622953,1.2615092155021275,-3324599.757575758,0,0,0,0,0,0,0,0,0,5.035971223021588,-14.344892763300006,15,17.697770439050345,1.0055972833888562,1
AAPL,2024-02-01,0.005179242408855541,0.02490292518767798,0.066652298076405,1.2879441536005953,-5693684.078787879,0,0,0,0,0,0,0,0,0,3.809523809523813,49.69262044091691,15,17.697770439050345,1.0055972833888562,1
AAPL,2024-05-02,-0.028112221717401277,0.008367214660302796,0.019966622958636274,1.2443408855050948,-1510922.206060606,0,0,0,0,0,0,0,0,0,2.0000000000000018,-15.137028641407143,15,17.697770439050345,1.0055972833888562,1
AAPL,2024-08-01,-0.005693219468943949,-0.0008440797186401258,-0.06371665861053742,1.3013448631597806,-5806074.412121212,0,0,0,0,0,0,0,0,0,3.7037037037036904,-15.10669161885623,15,17.697770439050345,1.0055972833888562,1
AAPL,2024-10-31,0.02707689469071454,-0.020715133922681126,-0.013775080834477626,0.7626240869114913,9414965.115151515,0,0,0,0,0,0,0,0,0,2.4999999999999885,-16.452860697431504,15,17.697770439050345,1.0055972833888562,1
MSFT,2022-01-25,-0.04773165177789462,0.007381099444101254,-0.0255713218820015,1.0647756744315906,1819564.3818181818,0,0,0,0,0,0,0,0,0,7.359307359307356,18.827682661624443,15,-26.689392900738227,-0.4935148961877367,1
MSFT,2022-04-26,-0.004141821687435171,-0.07163066271677257,-0.09860383944153574,1.1546165959382992,-556893.4424242424,0,0,0,0,0,0,0,0,0,1.3698630136986416,-17.079170866446226,15,-26.689392900738227,-0.4935148961877367,1
MSFT,2022-07-26,0.06229495236965884,0.08520088835049462,0.022446262126688137,0.8458188371465429,2171768.709090909,0,0,0,0,0,0,0,0,0,-2.6200873362445436,7.498378948920267,15,-26.689392900738227,-0.4935148961877367,0
MSFT,2022-10-25,-0.05025314082130125,0.03570260101423192,0.05196477527623158,0.7637819234946976,1425843.2363636363,0,0,0,0,0,0,0,0,0,2.1739130434782727,-17.554025168995278,15,-26.689392900738227,-0.4935148961877367,1
MSFT,2023-01-24,0.019476815255480406,0.02251828844660587,0.04432757325319298,0.7697632228412987,4843567.115151515,0,0,0,0,0,0,0,0,0,1.3100436681222623,9.9665329580837,15,-26.689392900738227,-0.4935148961877367,1
MSFT,2023-04-25,0.03330785630958607,-0.08073578355938876,-0.10901838362816513,0.70967095427796,4918885.939393939,0,0,0,0,0,0,0,0,0,9.865470852017946,-4.94917358070705,15,-26.689392900738227,-0.4935148961877367,1
MSFT,2023-07-25,0.02799963279170102,-0.018666199281395107,-0.006065268203201311,1.0104388135173026,1720946.2,0,0,0,0,0,0,0,0,0,5.490196078431378,10.191807243386968,15,-26.689392900738227,-0.4935148961877367,1
MSFT,2023-10-24,-0.012990471681363516,0.01364492797666082,0.03651336233685519,0.8579812158973876,769284.4181818182,0,0,0,0,0,0,0,0,0,12.830188679245294,-4.957139190873445,15,-26.689392900738227,-0.4935148961877367,1
MSFT,2024-01-30,0.0015375070806246949,-0.008756473917454143,-0.011948162537587506,1.6302937436643394,-1777204.4666666666,0,0,0,0,0,0,0,0,0,5.395683453237423,10.188126343709069,15,-26.689392900738227,-0.4935148961877367,1
MSFT,2024-04-25,-0.031761702947408973,-0.04584608813269749,-0.0436674991080985,0.9415034048178469,1038262.6484848484,0,0,0,0,0,0,0,0,0,4.255319148936175,-7.246288898602684,15,-26.689392900738227,-0.4935148961877367,1
MSFT,2024-07-30,-0.03321508461938222,-0.04422900797462419,-0.06891674282978634,0.912194382790395,939159.0242424243,0,0,0,0,0,0,0,0,0,0.6825938566552906,4.437439255765957,15,-26.689392900738227,-0.4935148961877367,1
MSFT,2024-10-30,-0.039736634673343506,-0.04454337846877812,0.011378619915026537,0.9006670980788808,1494919.6545454545,0,0,0,0,0,0,0,0,0,6.451612903225798,-8.778456855709909,15,-26.689392900738227,-0.4935148961877367,1
GOOGL,2022-02-01,0.02892824384392876,-0.014062605638563885,0.05163337419773582,1.2349023711679576,-1654270.303030303,0,0,0,0,0,0,0,0,0,11.678832116788314,21.730193034327492,15,-19.99471643001347,-1.1772266545099752,1
GOOGL,2022-04-26,-0.026873026873026944,-0.07162271358260487,-0.09825187299322162,1.114917480927395,-476169.0909090909,0,0,0,0,0,0,0,0,0,-5.3846153846153895,-26.26921179078488,15,-19.99471643001347,-1.1772266545099752,0
GOOGL,2022-07-26,0.05091759625764661,0.09034907597535928,0.03143210312555172,0.85109452443962,2415866.787878788,0,0,0,0,0,0,0,0,0,-5.468750000000004,-2.8944644432771875,15,-19.99471643001347,-1.1772266545099752,0
GOOGL,2022-10-25,-0.036532563593721784,0.03628601921024555,0.08282643957826441,0.8061343479478006,1173507.5515151515,0,0,0,0,0,0,0,0,0,-15.199999999999998,-15.2882309484438,15,-19.99471643001347,-1.1772266545099752,0
GOOGL,2023-02-02,0.06796225567288247,0.10520809114159495,0.04323493909799186,1.2183581608282024,-2437683.987878788,0,0,0,0,0,0,0,0,0,-11.016949152542365,20.092015200504726,15,-19.99471643001347,-1.1772266545099752,0
GOOGL,2023-04-25,0.049652432969215496,-0.06386538083054526,-0.08290754844307344,0.8368843138853547,3789859.381818182,0,0,0,0,0,0,0,0,0,9.345794392523352,-11.670833076146858,15,-19.99471643001347,-1.1772266545099752,1
GOOGL,2023-07-25,0.030925304753333886,0.02007609487573872,0.05095913261050875,1.0733405678767554,320126.5696969697,0,0,0,0,0,0,0,0,0,7.462686567164169,7.831395808019499,15,-19.99471643001347,-1.1772266545099752,1
GOOGL,2023-10-24,-0.00839906514753124,-0.017654294190000707,0.011925169561004867,0.8468726490795129,1105703.0121212122,0,0,0,0,0,0,0,0,0,6.896551724137938,-7.129620234306399,15,-19.99471643001347,-1.1772266545099752,1
GOOGL,2024-01-30,0.005203619909502246,-0.057954625768605675,-0.05434551259311811,1.2947025141282313,-94411.92727272728,0,0,0,0,0,0,0,0,0,3.1446540880503036,22.828180864558593,15,-19.99471643001347,-1.1772266545099752,1
GOOGL,2024-04-25,-0.05126353790613714,-0.10630483574780654,-0.15182029434546854,1.1010888933807486,1192548.8181818181,0,0,0,0,0,0,0,0,0,25.16556291390728,-15.720991886909491,15,-19.99471643001347,-1.1772266545099752,1
GOOGL,2024-07-23,-0.007394245099163249,-0.020476271282312376,-0.0536641346521669,1.0003814300751461,-596097.5333333333,0,0,0,0,0,0,0,0,0,2.7173913043478164,2.539753301217824,15,-19.99471643001347,-1.1772266545099752,1
GOOGL,2024-10-29,-0.05556966848723485,-0.09095910507977258,-0.10984077576918469,1.2791760831589813,-513913.0909090909,0,0,0,0,0,0,0,0,0,15.846994535519126,-8.226524022518308,15,-19.99471643001347,-1.1772266545099752,1
AMZN,2022-02-03,0.01701678206783245,0.024349881796690336,0.04908903819381384,1.1574296052790436,-3642230.303030303,0,0,0,0,0,0,0,0,0,631.578947368421,38.36826187666604,15,-18.94580492499864,-0.5788229997800598,1
AMZN,2022-04-28,-0.05489584040171,-0.15531566498878033,-0.150990551661079,1.2534760280122104,-2851939.393939394,0,0,0,0,0,0,0,0,0,-52.27272727272727,-23.65111249322178,15,-18.94580492499864,-0.5788229997800598,0
AMZN,2022-07-28,0.18443944873423912,0.11225332721431854,0.04169173901831005,1.0381010475496844,58544.84848484849,0,0,0,0,0,0,0,0,0,-33.33333333333333,6.430233542073402,15,-18.94580492499864,-0.5788229997800598,0
AMZN,2022-10-27,0.02097460968301527,0.05966118340289706,0.06928730696176386,0.9184605923959065,1954096.9696969697,0,0,0,0,0,0,0,0,0,-9.090909090909086,-16.908830045462736,15,-18.94580492499864,-0.5788229997800598,0
AMZN,2023-02-02,0.07500880385021717,0.11928623808359821,-0.038732024771701457,1.2175181883639685,-4643579.393939394,0,0,0,0,0,0,0,0,0,40,35.637406633022934,15,-18.94580492499864,-0.5788229997800598,1
AMZN,2023-04-27,-0.010118043844856596,-0.06649438425603814,-0.0964886964886965,1.0364174994415618,1817013.3333333333,0,0,0,0,0,0,0,0,0,47.61904761904762,-23.082306942349955,15,-18.94580492499864,-0.5788229997800598,1
AMZN,2023-08-03,0.012737322758952202,-0.02030378177309354,-0.05867460908414005,1.1171643138400833,-824613.9393939395,0,0,0,0,0,0,0,0,0,85.71428571428574,0.6779136693440311,15,-18.94580492499864,-0.5788229997800598,1
AMZN,2023-10-26,-0.041563407208100096,-0.016493497057327486,0.08531109685695971,0.8019137965076744,3013968.3333333335,0,0,0,0,0,0,0,0,0,62.06896551724138,-9.83173882575526,15,-18.94580492499864,-0.5788229997800598,1
AMZN,2024-02-01,-0.032186748163079454,-0.02934655014999348,-0.04085578038407013,1.3787880673019053,-5452516.757575758,0,0,0,0,0,0,0,0,0,24.999999999999993,37.55381022616435,15,-18.94580492499864,-0.5788229997800598,1
AMZN,2024-04-30,-0.014103887168902533,-0.03863140828534688,-0.07144014255629348,1.1970603521943493,-766105.2848484848,0,0,0,0,0,0,0,0,0,18.07228915662651,-26.806187519192196,15,-18.94580492499864,-0.5788229997800598,1
AMZN,2024-08-01,0.02231825392483991,-0.03470895098393692,-0.04183542681363765,0.7574676808841724,3449349.1575757577,0,0,0,0,0,0,0,0,0,22.33009708737864,-3.2247934153070714,15,-18.94580492499864,-0.5788229997800598,1
AMZN,2024-10-31,-0.012628424657534167,-0.048669828830686726,0.009851138353765386,0.8259673866457482,2727441.4606060605,0,0,0,0,0,0,0,0,0,25.438596491228076,-9.941888467609989,15,-18.94580492499864,-0.5788229997800598,1
NVDA,2022-02-16,0.006640106241699843,0.1065693430656935,0.35842293906810035,0.7224296546400183,21759820.363636363,0,0,0,0,0,0,0,0,0,8.333333333333341,-6.963333040627845,15,-27.430715299833963,-1.0739753048310199,1
NVDA,2022-05-25,0.18293795620437947,0.16801801801801805,0.32295918367346926,0.9951880607519631,-2681020.6666666665,0,0,0,0,0,0,0,0,0,7.692307692307699,-7.6409580192836195,15,-27.430715299833963,-1.0739753048310199,1
NVDA,2022-08-24,-0.012541254125412508,-0.0708074534161491,-0.18872017353579176,0.9863293151722927,-5082010.666666667,0,0,0,0,0,0,0,0,0,-16.66666666666666,-32.98786883491611,15,-27.430715299833963,-1.0739753048310199,0
NVDA,2022-11-16,0.007413509060955507,0.012417218543046386,-0.01924619085805936,0.9030988806424058,10412234.606060605,0,0,0,0,0,0,0,0,0,-14.285714285714295,-16.78223653234295,15,-27.430715299833963,-1.0739753048310199,0
NVDA,2023-02-22,-0.08381317978246963,-0.19096045197740108,-0.26714431934493343,0.9015559074378255,9914944.666666666,0,0,0,0,0,0,0,0,0,12.499999999999993,-4.591248799593039,15,-27.430715299833963,-1.0739753048310199,1
NVDA,2023-05-24,0.010305483989694426,-0.007950849295265718,-0.026940801134349577,0.9941177701133592,4655107.393939394,0,0,0,0,0,0,0,0,0,22.222222222222225,34.27006639267976,15,-27.430715299833963,-1.0739753048310199,1
NVDA,2023-08-23,-0.0021221410044799886,-0.10886502421562437,-0.09008815308535795,0.747782996214603,38184774.06060606,0,0,0,0,0,0,0,0,0,28.571428571428587,120.45639009307111,15,-27.430715299833963,-1.0739753048310199,1
NVDA,2023-11-21,-0.02141608391608385,-0.014958205015398145,0.10567901234567904,0.9067966999340765,2633884.6666666665,0,0,0,0,0,0,0,0,0,17.64705882352941,71.71900922750116,15,-27.430715299833963,-1.0739753048310199,1
NVDA,2024-02-21,-0.07808612440191384,-0.14561901383469317,-0.23259518878445118,0.9062403361014396,15197558.06060606,0,0,0,0,0,0,0,0,0,13.043478260869565,7.872950609474628,15,-27.430715299833963,-1.0739753048310199,1
NVDA,2024-05-22,0.026626879375645673,0.040116279069767474,0.01925706472196898,0.8299795429219267,4774080.7272727275,0,0,0,0,0,0,0,0,0,8.928571428571416,-114.50904767132239,15,-27.430715299833963,-1.0739753048310199,1
NVDA,2024-08-28,0.02289006540018684,0.06346122713291233,0.30791438526630155,0.8075803835032548,-2019431.6545454545,0,0,0,0,0,0,0,0,0,6.250000000000005,-27.034874076413004,15,-27.430715299833963,-1.0739753048310199,1
NVDA,2024-11-20,-0.027857829010566795,-0.09910979228486656,-0.14200932598558708,1.0029930134616618,-4125774.296969697,0,0,0,0,0,0,0,0,0,8.000000000000007,-7.063128785270727,15,-27.430715299833963,-1.0739753048310199,1
META,2022-02-02,0.02547242279920117,-0.03604644445728155,-0.00188414032359361,1.3364934477463264,-1196245.9393939395,0,0,0,0,0,0,0,0,0,-4.427083333333331,25.31626671674541,15,-21.05236300285344,-2.2620484191673995,0
META,2022-04-27,0.019610995016878296,-0.10024114615348251,-0.18641241609303516,1.0214315816827186,709835.1454545455,0,0,0,0,0,0,0,0,0,6.250000000000005,-32.67803425973592,15,-21.05236300285344,-2.2620484191673995,1
META,2022-07-27,0.19109947643979067,0.24578159821712825,0.15244153855215878,0.760904258757728,2249166.3878787877,0,0,0,0,0,0,0,0,0,-5.0193050193050155,3.3723073387724445,15,-21.05236300285344,-2.2620484191673995,0
META,2022-10-26,-0.06167140151515161,0.07107147682745563,0.14378471971719195,0.6823069574250916,2017656.3454545455,0,0,0,0,0,0,0,0,0,-13.22751322751323,-17.043729850123935,15,-21.05236300285344,-2.2620484191673995,0
META,2023-02-01,0.04952830188679246,0.02797741273100625,-0.09586876363909987,1.448388882376251,-3268256.860606061,0,0,0,0,0,0,0,0,0,-20.720720720720728,32.94547294385728,15,-21.05236300285344,-2.2620484191673995,0
META,2023-04-26,0.0199557766721945,-0.06723623679288211,-0.1340404561881072,0.9165294745876648,1810901.9757575758,0,0,0,0,0,0,0,0,0,8.37438423645322,-15.867804916313203,15,-21.05236300285344,-2.2620484191673995,1
META,2023-07-26,0.00025825493451390216,-0.046460099180529596,-0.07898223324387675,0.8639649151597921,988065.2121212122,0,0,0,0,0,0,0,0,0,2.054794520547947,16.07561382139415,15,-21.05236300285344,-2.2620484191673995,1
META,2023-10-25,-0.024092859929769884,-0.00793257312840864,-0.02173913043478266,0.9866233646967547,-52278.11515151515,0,0,0,0,0,0,0,0,0,20.936639118457297,-9.302631267941791,15,-21.05236300285344,-2.2620484191673995,1
META,2024-02-01,-0.04458271492179473,-0.06452784841964054,-0.09448967998485137,1.2857659703678175,-1265227.1757575758,0,0,0,0,0,0,0,0,0,7.459677419354841,33.86905975003376,15,-21.05236300285344,-2.2620484191673995,1
META,2024-04-24,0.01370996091730609,-0.01360215702845183,-0.014375615738785968,1.2486058850793906,213989.9515151515,0,0,0,0,0,0,0,0,0,9.02777777777777,-26.102492915331602,15,-21.05236300285344,-2.2620484191673995,1
META,2024-07-31,0.0016580147247498803,-0.006130043086564817,-0.05090800276795905,0.8791134631213994,636769.303030303,0,0,0,0,0,0,0,0,0,9.090909090909085,0.4979233494504207,15,-21.05236300285344,-2.2620484191673995,1
META,2024-10-30,-0.053424092409240835,-0.10563243032547254,-0.13678648380587563,0.8376873707569621,762502.3393939394,0,0,0,0,0,0,0,0,0,14.857142857142863,-13.231665467518171,15,-21.05236300285344,-2.2620484191673995,1
TSLA,2022-01-26,0.08828459675917302,0.1686779118607906,-0.08512526096033404,0.8336337286259093,3446460,0,0,0,0,0,0,0,0,0,7.594936708860751,42.511835933633634,15,-16.341743250375444,-6.648025663918582,1
TSLA,2022-04-20,0.0743129870614117,0.12784780396148124,-0.2083527957136969,0.9064583191508303,-704200,0,0,0,0,0,0,0,0,0,42.66666666666667,-13.706423729564207,15,-16.341743250375444,-6.648025663918582,1
TSLA,2022-07-20,0.06072687594426724,0.1715490868638175,0.08634917905957193,0.9696694853141178,271772.7272727273,0,0,0,0,0,0,0,0,0,26.66666666666667,-33.7552736460289,15,-16.341743250375444,-6.648025663918582,1
TSLA,2022-10-19,0.011952481597551098,-0.049395816930818494,-0.018519827525270406,0.8775586086823111,836695.1515151515,0,0,0,0,0,0,0,0,0,6.060606060606066,-2.014630086395165,15,-16.341743250375444,-6.648025663918582,1
TSLA,2023-01-25,0.07150518412584912,0.19983986121305122,0.5823653643083421,0.628652409714872,6702658.787878788,0,0,0,0,0,0,0,0,0,5.309734513274342,8.575442889146291,15,-16.341743250375444,-6.648025663918582,1
TSLA,2023-04-19,0,0,0,1,0,0,0,0,0,0,0,0,0,0,0,0,10,0,0,0
TSLA,2023-07-19,0,0,0,1,0,0,0,0,0,0,0,0,0,0,0,0,10,0,0,1
TSLA,2023-10-18,0,0,0,1,0,0,0,0,0,0,0,0,0,0,0,0,10,0,0,0
TSLA,2024-01-24,0,0,0,1,0,0,0,0,0,0,0,0,0,0,0,0,10,0,0,0
TSLA,2024-04-23,0,0,0,1,0,0,0,0,0,0,0,0,0,0,0,0,10,0,0,0
TSLA,2024-07-23,0,0,0,1,0,0,0,0,0,0,0,0,0,0,0,0,10,0,0,0
TSLA,2024-10-23,0,0,0,1,0,0,0,0,0,0,0,0,0,0,0,0,10,0,0,1
AME,2022-02-03,0.026173541963015697,-0.021233294891798354,0.004665413272056176,1.4263651148957492,-96560.12727272727,0,0,0,0,0,0,0,0,0,5.3846153846153895,3.5272911357198993,15,-2.433738030011,0.388025200838805,1
AME,2022-05-03,-0.056915998812703976,-0.048442647499251264,-0.03588226369291451,1.107444564777995,-23077.109090909093,0,0,0,0,0,0,0,0,0,4.724409448818902,-18.483063128628643,15,-2.433738030011,0.388025200838805,1
AME,2022-08-02,0.04265447078588756,-0.008872327211427559,0.01315073462724459,1.3596814894518043,-66925.37575757576,0,0,0,0,0,0,0,0,0,6.9767441860465,-0.07891465819083265,15,-2.433738030011,0.388025200838805,1
AME,2022-11-01,0.06624632198402686,0.10836319147076807,0.09063548026485503,1.188578754889346,-62982.89090909091,0,0,0,0,0,0,0,0,0,5.839416058394149,-1.9327485828653894,15,-2.433738030011,0.388025200838805,1
AME,2023-02-02,0.029038112522686024,0.024501300954032856,-0.026107866712470017,1.4461699799801424,-109272.2787878788,0,0,0,0,0,0,0,0,0,3.40136054421769,8.264902497797923,15,-2.433738030011,0.388025200838805,1
AME,2023-05-02,0.002666864212163754,-0.028495549813379265,-0.01045474484573773,1.257527315824162,-27724.248484848486,0,0,0,0,0,0,0,0,0,5.6737588652482325,-6.008212559036797,15,-2.433738030011,0.388025200838805,1
AME,2023-08-01,-0.030338015521775317,-0.0393950946753081,-0.04049251078954046,1.1357015315606702,7551.175757575757,0,0,0,0,0,0,0,0,0,3.973509933774838,0.6270328649302073,15,-2.433738030011,0.388025200838805,1
AME,2023-10-31,0.012002901800435225,0.01180271660292755,0.021501797363866263,1.000955065105466,50002.624242424245,0,0,0,0,0,0,0,0,0,3.797468354430369,-6.252562285517864,15,-2.433738030011,0.388025200838805,1
AME,2024-02-06,-0.005785627283800175,0.002333149137348778,0.019866308490035654,0.8414999162337785,3077.6242424242423,0,0,0,0,0,0,0,0,0,3.06748466257669,8.54967416144692,15,-2.433738030011,0.388025200838805,1
AME,2024-05-02,-0.0021986478315836073,-0.0007706280618703493,0.009902642559109881,1.0851617390987558,-31611.206060606062,0,0,0,0,0,0,0,0,0,3.1446540880503036,-2.9039680453814727,15,-2.433738030011,0.388025200838805,1
AME,2024-08-01,0.016442363955529563,0.04280225717373031,0.025927238365225695,1.183591317999031,-50558.94545454546,0,0,0,0,0,0,0,0,0,1.2195121951219523,1.4296855263672583,15,-2.433738030011,0.388025200838805,1
AME,2024-10-31,-0.019635759625081583,-0.030960478480121973,-0.009944883776659457,0.7906068798307567,-15336.345454545455,0,0,0,0,0,0,0,0,0,2.469135802469124,-8.190880770176987,15,-2.433738030011,0.388025200838805,1
AMCR,2022-02-01,-0.01017811704834599,-0.01185436071126169,-0.03950617283950621,1.388988266695233,-179220.23030303032,0,0,0,0,0,0,0,0,0,0,-0.8613831269235508,10,8.295756319359029,-0.0229624933845292,0
AMCR,2022-05-03,-0.03256212510711232,-0.004409171075837806,-0.036689419795221966,1.3415350624098443,-443578.93333333335,0,0,0,0,0,0,0,0,0,0,-2.000744246309778,10,8.295756319359029,-0.0229624933845292,0
AMCR,2022-08-17,-0.008842443729903492,-0.010433386837881281,-0.04418604651162793,1.091757641557761,-86222.44848484849,0,0,0,0,0,0,0,0,0,0,6.944452909923911,10,8.295756319359029,-0.0229624933845292,0
AMCR,2022-11-01,0.06089193825042874,0.12659380692167566,0.14749536178107606,1.020648322196778,-45593.70909090909,0,0,0,0,0,0,0,0,0,0,-8.452793660798703,10,8.295756319359029,-0.0229624933845292,0
AMCR,2023-02-07,-0.0033167495854063782,0.008389261744966413,0.011784511784511682,0.9407306931519985,99354.62424242424,0,0,0,0,0,0,0,0,0,5.555555555555561,-7.62538722831729,10,8.295756319359029,-0.0229624933845292,1
AMCR,2023-05-02,0.004672897196261749,-0.016468435498627605,-0.03065825067628493,1.500836658109369,-650624.4545454546,0,0,0,0,0,0,0,0,0,0,-4.410906372399268,10,8.295756319359029,-0.0229624933845292,0
AMCR,2023-08-16,-0.000992063492063471,0.020263424518743776,-0.010805500982318215,0.8450893284703626,386213.3696969697,0,0,0,0,0,0,0,0,0,5.555555555555561,5.140195095756036,10,8.295756319359029,-0.0229624933845292,1
AMCR,2023-10-31,0.008556149732620328,0.041988950276242984,0.06553672316384182,1.2283881377193178,-260849.3515151515,0,0,0,0,0,0,0,0,0,14.285714285714276,-4.413384200609745,10,8.295756319359029,-0.0229624933845292,1
AMCR,2024-02-06,0,-0.007179487179487209,0.02325581395348825,0.8327812666929407,169177.83636363636,0,0,0,0,0,0,0,0,0,6.666666666666673,-5.880392481917549,10,8.295756319359029,-0.0229624933845292,1
AMCR,2024-04-30,-0.0010548523206750828,0.02600216684723729,0.03497267759562844,1.4359799365476271,-156081.0303030303,0,0,0,0,0,0,0,0,0,9.223300970873781,4.211289556059218,10,8.295756319359029,-0.0229624933845292,1
AMCR,2024-08-15,0.027139874739039643,0.009230769230769216,-0.02380952380952383,0.7837671714701058,361058.37575757573,0,0,0,0,0,0,0,0,0,4.99999999999999,9.805221973283704,10,8.295756319359029,-0.0229624933845292,1
AMCR,2024-10-31,-0.008189262966333016,-0.025915996425379728,-0.016245487364620913,1.1813662422241977,-248299.5515151515,0,0,0,0,0,0,0,0,0,0,0.4654078599377316,10,8.295756319359029,-0.0229624933845292,0
AEE,2022-02-17,0.009079559641357362,0.022306542485914658,0.03891096050479082,0.80673755085938,41962.42424242424,0,0,0,0,0,0,0,0,0,-2.040816326530614,-37.71147809629323,15,-14.936098778835145,-0.30661301216198533,0
AEE,2022-05-05,-0.007337999548430701,-0.04837662337662336,-0.09116279069767434,1.0348093325702536,17942.127272727274,0,0,0,0,0,0,0,0,0,-1.020408163265307,28.990452690321504,15,-14.936098778835145,-0.30661301216198533,0
AEE,2022-08-04,-0.00024015369836690706,-0.07117358322177594,-0.04353819643882817,0.9898974680728008,28404.642424242425,0,0,0,0,0,0,0,0,0,-3.6144578313252915,-32.34299600268888,15,-14.936098778835145,-0.30661301216198533,0
AEE,2022-11-03,0.02729066199035521,0.10128069557043831,0.20351823317925025,0.8978384904162602,40135.781818181815,0,0,0,0,0,0,0,0,0,0,53.94920291137046,15,-14.936098778835145,-0.30661301216198533,0
AEE,2023-02-15,0.020228274381286094,0.013016157989227969,0.03901484635746347,0.7174407320524504,42080.933333333334,0,0,0,0,0,0,0,0,0,12.499999999999991,-40.36795720370437,15,-14.936098778835145,-0.30661301216198533,0
AEE,2023-05-04,0.01791258657750179,0.007922431122147354,-0.05257307991552744,1.1046820798541352,-79780.52727272727,0,0,0,0,0,0,0,0,0,6.382978723404261,10.579269439564081,15,-14.936098778835145,-0.30661301216198533,0
AEE,2023-08-02,-0.004222972972972905,-0.0007264802034144844,-0.024122029088329104,1.377970925282852,-99311.44242424243,0,0,0,0,0,0,0,0,0,12.499999999999996,-43.14433906610696,15,-14.936098778835145,-0.30661301216198533,0
AEE,2023-11-08,0.0058596185014339,0.07817720165708952,0.03502245028864662,0.7708708329874205,83154.29696969697,0,0,0,0,0,0,0,0,0,2.7472527472527495,24.361625374411094,15,-14.936098778835145,-0.30661301216198533,0
AEE,2024-02-22,-0.004728451769791872,0.04763936291240058,0.058933448325427754,0.9282192715607529,-15310.175757575758,0,0,0,0,0,0,0,0,0,-1.6393442622950833,-22.21675470009377,15,-14.936098778835145,-0.30661301216198533,0
AEE,2024-05-02,0.00402163361531003,0.020149358884035604,0.0016602102933038815,1.2301197731893594,-99749.81212121212,0,0,0,0,0,0,0,0,0,-7.547169811320761,24.714310907327395,15,-14.936098778835145,-0.30661301216198533,0
AEE,2024-08-01,-0.0007123521869211734,0.0001425923285327979,-0.04075492341356679,0.9247472409303794,-20777.133333333335,0,0,0,0,0,0,0,0,0,4.301075268817196,-20.997352162400702,15,-14.936098778835145,-0.30661301216198533,0
AEE,2024-11-06,-0.0017519271198318813,-0.011793270898369708,-0.011336032388664014,1.1540598261120911,-10429.666666666666,0,0,0,0,0,0,0,0,0,-2.0942408376963253,52.117140902708606,15,-14.936098778835145,-0.30661301216198533,0
AAL,2022-01-20,-0.08999441028507543,-0.03725606150206972,-0.09806094182825482,1.5185305481762583,-5213110.1878787875,0,0,0,0,0,0,0,0,0,5.960264900662257,12.538255167916404,15,-8.9056997155785,-0.2596073986602065,0
AAL,2022-04-21,0.21169504071058484,0.05138086062941559,-0.09856828193832594,1.2597979620485438,590321.9151515152,0,0,0,0,0,0,0,0,0,4.526748971193428,-116.20218375765185,15,-8.9056997155785,-0.2596073986602065,0
AAL,2022-07-21,0.03594967046135397,0.33513513513513515,0.3269378357636224,0.8451351346469033,1958281.1757575758,0,0,0,0,0,0,0,0,0,0,30.646383216911502,15,-8.9056997155785,-0.2596073986602065,0
AAL,2022-10-20,-0.06479481641468685,-0.07412687099073409,0.01882352941176472,0.8917356559612913,120888.7212121212,0,0,0,0,0,0,0,0,0,23.214285714285694,-6.846201967450014,15,-8.9056997155785,-0.2596073986602065,0
AAL,2023-01-26,0.006686478454680524,0.08140462889066252,-0.0314510364546104,1.1538616117419722,-389916.4666666667,0,0,0,0,0,0,0,0,0,2.631578947368424,5.405075472274561,15,-8.9056997155785,-0.2596073986602065,0
AAL,2023-04-27,0.1316507503410641,0.15448851774530276,0.1716101694915254,1.1468989995626635,770588.2909090909,0,0,0,0,0,0,0,0,0,-8.307353750229229,-57.394074153480105,15,-8.9056997155785,-0.2596073986602065,0
AAL,2023-07-20,-0.010046885465505717,-0.09380748007357446,-0.1578347578347579,1.016685890057911,-383735.91515151516,0,0,0,0,0,0,0,0,0,20.754716981132066,13.591402199884214,15,-8.9056997155785,-0.2596073986602065,0
AAL,2023-10-19,0.030704815073272818,0.10969196093163028,0.17129262490087235,0.7943145921967544,2433324.581818182,0,0,0,0,0,0,0,0,0,46.15384615384615,-2.1834435689380176,15,-8.9056997155785,-0.2596073986602065,0
AAL,2024-01-25,-0.039886039886039795,-0.05734265734265736,0.029793735676088662,1.2186070516774117,-2033722.3818181818,0,0,0,0,0,0,0,0,0,383.3333333333333,4.9406471621883306,15,-8.9056997155785,-0.2596073986602065,0
AAL,2024-04-25,0.0659025787965616,0.06819813352476677,0.05084745762711869,1.1519249754820082,-996624.6060606061,0,0,0,0,0,0,0,0,0,-26.6105608103076,-17.727830427438075,15,-8.9056997155785,-0.2596073986602065,0
AAL,2024-07-25,0.030141843971631194,0.030141843971631194,0.04496402877697842,1.0302294832663352,-427987.97575757577,0,0,0,0,0,0,0,0,0,3.809523809523813,16.885172165994835,15,-8.9056997155785,-0.2596073986602065,0
AAL,2024-10-24,-0.032757051865332065,-0.04834377797672329,-0.024770642201834822,0.7850300241481508,769646.6303030303,0,0,0,0,0,0,0,0,0,66.9449081803005,-1.840896829928293,15,-8.9056997155785,-0.2596073986602065,0
AES,2022-02-24,-0.00042844901456733347,0.011270047680970872,0.045719408337068564,0.9157089483153041,-185280.84848484848,0,0,0,0,0,0,0,0,0,4.651162790697678,-13.509472841555977,15,-12.684902861874278,-0.10416742263771644,1
AES,2022-05-05,-0.04510961214165263,-0.11001964636542243,-0.07361963190184052,1.067852965924992,-200263.5696969697,0,0,0,0,0,0,0,0,0,-25.00000000000001,0.5433270082226436,15,-12.684902861874278,-0.10416742263771644,0
AES,2022-08-04,-0.03456790123456786,-0.03978388998035357,-0.04727095516569196,1.4744596685170834,-523546.9636363636,0,0,0,0,0,0,0,0,0,9.677419354838717,-4.316650203051256,15,-12.684902861874278,-0.10416742263771644,1
AES,2022-11-04,0.050787401574803256,0.15892314372557534,0.10609200165768762,0.921310183840107,79211.05454545455,0,0,0,0,0,0,0,0,0,18.867924528301884,29.588611695229357,15,-12.684902861874278,-0.10416742263771644,1
AES,2023-02-27,-0.02189519023689876,0.012634708286882195,0.039679511636779824,0.9923148750249661,-81855.57575757576,0,0,0,0,0,0,0,0,0,6.521739130434775,-23.683107654112906,15,-12.684902861874278,-0.10416742263771644,1
AES,2023-05-04,0.0034828036569439203,0.00523331879633672,-0.08929276965626227,1.280591088959271,-227396.36363636365,0,0,0,0,0,0,0,0,0,-4.347826086956525,-2.024851238974877,15,-12.684902861874278,-0.10416742263771644,0
AES,2023-08-03,-0.011439466158246044,0.02673267326732669,-0.04993128721942281,1.0780460446688167,132027.99393939393,0,0,0,0,0,0,0,0,0,-16.000000000000004,-21.552698491012016,15,-12.684902861874278,-0.10416742263771644,0
AES,2023-11-02,0.013723150357995038,0.07124842370744004,0.3069230769230768,0.7881289582628475,-257010.75757575757,0,0,0,0,0,0,0,0,0,9.09090909090908,28.544251447477254,15,-12.684902861874278,-0.10416742263771644,1
AES,2024-02-26,0.03416485900216914,0.13647199046483904,0.15505754088431245,0.7392995118761216,384083.8303030303,0,0,0,0,0,0,0,0,0,5.797101449275368,-20.58900209255257,15,-12.684902861874278,-0.10416742263771644,1
AES,2024-05-02,0.01351351351351357,-0.053485576923076955,-0.1091628959276018,1.0802083095537443,306689.0303030303,0,0,0,0,0,0,0,0,0,47.058823529411754,10.014226328320465,15,-12.684902861874278,-0.10416742263771644,1
AES,2024-08-01,0.03691983122362865,0.03966155473294553,0.05415549597855237,0.810305377154996,266499.85454545455,0,0,0,0,0,0,0,0,0,5.555555555555561,-15.974761542439737,15,-12.684902861874278,-0.10416742263771644,1
AES,2024-10-31,-0.07172557172557167,-0.06541077969649399,-0.01597796143250684,1.1042071210799258,233850.67272727273,0,0,0,0,0,0,0,0,0,10.937499999999991,25.14267896585124,15,-12.684902861874278,-0.10416742263771644,1
AFL,2022-02-02,0.03251445086705197,-0.02273892973157814,-0.09585574185384375,1.2511259889985873,-309804.20606060605,0,0,0,0,0,0,0,0,0,0.7874015748031503,5.286617548286541,15,16.609497673576698,-0.0812523116002426,0
AFL,2022-04-27,-0.026462853385930414,-0.0657728706624606,-0.06885709794057542,1.069616816091326,80874.20606060605,0,0,0,0,0,0,0,0,0,3.649635036496337,0.4537258528671728,15,16.609497673576698,-0.0812523116002426,0
AFL,2022-08-01,0.013006597549481714,-0.03846842011093216,-0.03588087549336204,1.3405409633888064,-84007.93333333333,0,0,0,0,0,0,0,0,0,13.178294573643404,7.897865678485325,15,16.609497673576698,-0.0812523116002426,0
AFL,2022-10-31,0.05042016806722689,0.08150198996366155,0.08337666840006938,1.4826975976942216,-103625.87878787878,0,0,0,0,0,0,0,0,0,0.8196721311475417,-13.85976775145096,15,16.609497673576698,-0.0812523116002426,0
AFL,2023-02-01,0.025391758560650027,-0.021733111849390828,-0.017243776943401404,1.3240035945871038,-211540.4121212121,0,0,0,0,0,0,0,0,0,6.61157024793389,-9.323843452300848,15,16.609497673576698,-0.0812523116002426,0
AFL,2023-04-26,0.07882882882882893,0.058062480277690114,0.037117228580266094,1.1036330656369893,264307.7212121212,0,0,0,0,0,0,0,0,0,10.714285714285724,12.476472847815682,15,16.609497673576698,-0.0812523116002426,0
AFL,2023-08-01,-0.009938067117960707,0.01716484166913283,-0.024964539007092272,1.2778316638739495,-32561.89696969697,0,0,0,0,0,0,0,0,0,11.267605633802827,19.202934091620975,15,16.609497673576698,-0.0812523116002426,0
AFL,2023-11-01,-0.008450338013520615,-0.006771715067066157,-0.024555569765954747,1.2591418795349862,-135734.73333333334,0,0,0,0,0,0,0,0,0,27.77777777777779,15.305049567645412,15,16.609497673576698,-0.0812523116002426,0
AFL,2024-01-31,0.03764300651986699,0.032183064121390055,0.020692158760890533,1.6317501832463615,-316379.08484848484,0,0,0,0,0,0,0,0,0,-13.79310344827586,-45.273341889736855,15,16.609497673576698,-0.0812523116002426,0
AFL,2024-05-01,-0.01834536631554027,-0.022049286640726383,-0.002765420223638379,1.3870248311287787,-122029.51515151515,0,0,0,0,0,0,0,0,0,5.063291139240497,25.264878867443944,15,16.609497673576698,-0.0812523116002426,0
AFL,2024-07-31,-0.00443383356070942,-0.02710809910010012,-0.0292650482208181,0.8664258281946644,146741.89696969697,0,0,0,0,0,0,0,0,0,14.374999999999998,-2.619319863409651,15,16.609497673576698,-0.0812523116002426,0
AFL,2024-10-30,-0.015703004447671816,-0.014361025268133052,-0.03040057224606586,0.8745288967795959,263633.67272727273,0,0,0,0,0,0,0,0,0,27.810650887573978,-23.796002189564696,15,16.609497673576698,-0.0812523116002426,0
APO,2022-02-11,0.01684008762322001,0.06755785539744147,0.12701062215477982,0.3891180527832438,615693.206060606,0,0,0,0,0,0,0,0,0,-3.6697247706422047,-31.065491234977205,15,-10.395122801628517,0.09745926341431177,0
APO,2022-05-05,-0.03710575139146576,-0.05219905646020382,0.12196000720590891,1.5343482180099373,-382131.8787878788,0,0,0,0,0,0,0,0,0,50.495049504950494,10.246572526335193,15,-10.395122801628517,0.09745926341431177,1
APO,2022-08-04,0.0071727435744172036,0.01751207729468594,0.038627491267721296,1.7902967499346814,-616188.4606060606,0,0,0,0,0,0,0,0,0,-8.73786407766991,149.73109732948592,15,-10.395122801628517,0.09745926341431177,0
APO,2022-11-02,0.021821460775473287,0.159402496419071,0.1670442842430484,1.4985485641550726,-81191.75151515151,0,0,0,0,0,0,0,0,0,11.764705882352953,37.17197923223435,15,-10.395122801628517,0.09745926341431177,1
APO,2023-02-09,0.03230966090850933,0.0252581413820493,-0.03772178321156981,0.719690846488435,53933.64848484848,0,0,0,0,0,0,0,0,0,-3.40136054421769,312.4855889205277,15,-10.395122801628517,0.09745926341431177,0
APO,2023-05-09,-0.01268682655543964,-0.10053831538948693,-0.12934865900383138,1.5736937319908513,-267240.95151515154,0,0,0,0,0,0,0,0,0,-3.40136054421769,-329.82717357546085,15,-10.395122801628517,0.09745926341431177,0
APO,2023-08-03,-0.0034026959822011636,0.013441575725312817,-0.054624456859093624,1.1315914133353973,-13608.636363636364,0,0,0,0,0,0,0,0,0,3.030303030303033,228.06324058435294,15,-10.395122801628517,0.09745926341431177,1
APO,2023-11-01,-0.02063871388225077,-0.025086505190311498,0.010989010989010874,1.2098587784884338,-113668.78181818181,0,0,0,0,0,0,0,0,0,0,-406.35944798222005,15,-10.395122801628517,0.09745926341431177,0
APO,2024-02-08,-0.01599398883641042,-0.03301687763713076,-0.07347887608651704,0.7524327219870947,171363.39393939395,0,0,0,0,0,0,0,0,0,10.404624277456644,154.78222177340461,15,-10.395122801628517,0.09745926341431177,1
APO,2024-05-02,-0.006862922160014367,-0.03433137237685483,-0.03712134477324457,1.144092605038501,-68281.7696969697,0,0,0,0,0,0,0,0,0,-3.3707865168539355,-156.99641747779168,15,-10.395122801628517,0.09745926341431177,0
APO,2024-08-01,0.009035117627003089,0.0027104861934608942,-0.022460776218001643,0.690455956034918,35017.88484848485,0,0,0,0,0,0,0,0,0,-6.818181818181825,180.5281537735937,15,-10.395122801628517,0.09745926341431177,0
APO,2024-11-05,-0.05880462724935739,-0.0687544710277403,-0.16439626274873412,0.8550058937446205,10309.80606060606,0,0,0,0,0,0,0,0,0,4.624277456647403,-161.53814997503872,15,-10.395122801628517,0.09745926341431177,1
ADSK,2022-02-24,-0.023315966448656848,0.03919795557302928,0.0658064516129032,0.8234991079386601,13051.787878787878,0,0,0,0,0,0,0,0,0,4.895104895104899,13.458389039254032,15,-12.627459247578443,-1.8866861921842952,1
ADSK,2022-05-26,0.03976751300091777,0.010003961965134757,0.0009325153374233017,0.9590147479140568,-36740.32727272727,0,0,0,0,0,0,0,0,0,7.518796992481193,-12.306133139508013,15,-12.627459247578443,-1.8866861921842952,1
ADSK,2022-08-24,0.001018560434585824,-0.0018056652747996456,-0.18905290180617945,0.8557032998231743,40360.757575757576,0,0,0,0,0,0,0,0,0,5.769230769230759,-0.7053892859634061,15,-12.627459247578443,-1.8866861921842952,1
ADSK,2022-11-22,-0.01170791824997433,0.013961329750803464,-0.1105873654050556,1.28124598274078,-61633.32121212121,0,0,0,0,0,0,0,0,0,0,-4.3874247006256955,15,-12.627459247578443,-1.8866861921842952,0
ADSK,2023-02-23,-0.02827896396629271,-0.05080294919705081,-0.1540573383140555,1.0735928434188269,-22642.630303030302,0,0,0,0,0,0,0,0,0,2.7624309392265216,6.944895335134625,15,-12.627459247578443,-1.8866861921842952,1
ADSK,2023-05-25,0.022727272727272804,0.005036630036630083,0.01987609705730523,1.084889405299739,-22635.351515151517,0,0,0,0,0,0,0,0,0,0,-9.292365303868642,15,-12.627459247578443,-1.8866861921842952,0
ADSK,2023-08-23,-0.038670124970525896,-0.06163689928190027,-0.040480112967757095,0.9047852952156847,-6719.939393939394,0,0,0,0,0,0,0,0,0,11.046511627906973,3.4372238817169105,15,-12.627459247578443,-1.8866861921842952,1
ADSK,2023-11-21,-0.004999047800418887,-0.0022914975891535293,0.0709198052779913,0.9168637460411567,27978.242424242424,0,0,0,0,0,0,0,0,0,4.020100502512555,2.8784103291345273,15,-12.627459247578443,-1.8866861921842952,1
ADSK,2024-02-29,0.0014676898561663703,-0.054777170901606914,-0.07588128313276328,0.9533154830819949,19544.945454545454,0,0,0,0,0,0,0,0,0,7.179487179487174,8.942053178864576,15,-12.627459247578443,-1.8866861921842952,1
ADSK,2024-06-11,-0.0036709035011242663,0.009015288814535982,-0.018444012476832024,1.2040239934635952,-69798.6606060606,0,0,0,0,0,0,0,0,0,3.8888888888888924,-10.808405760753182,15,-12.627459247578443,-1.8866861921842952,1
ADSK,2024-08-29,-0.02667244503979191,0.003330219713276293,0.05473252785723444,0.8491228844543903,-64858.2303030303,0,0,0,0,0,0,0,0,0,7.499999999999996,0.8175559380378656,15,-12.627459247578443,-1.8866861921842952,1
ADSK,2024-11-26,-0.051265665495082886,-0.08792108945697802,-0.06748787381791525,0.871469373939713,88861.8303030303,0,0,0,0,0,0,0,0,0,2.3584905660377276,-0.034176349965822084,15,-12.627459247578443,-1.8866861921842952,1
ATO,2022-02-08,-0.04545454545454549,-0.05409008665841355,-0.057679537045821065,1.0712977991014485,-33165.52121212121,0,0,0,0,0,0,0,0,0,0.540540540540541,14.626340395281648,10,11.743375389528268,0.03757281324599071,1
ATO,2022-05-04,-0.009805623047552893,-0.031242040920281915,-0.05310762592315995,1.2289084060823001,-43259.04242424243,0,0,0,0,0,0,0,0,0,0.8510638297872347,195.66819137943097,10,11.743375389528268,0.03757281324599071,1
ATO,2022-08-03,0.0006636958376790309,-0.04618165386353366,-0.04987396471011876,1.4971301906869974,-78361.12727272727,0,0,0,0,0,0,0,0,0,8.235294117647067,-128.8079330905794,10,11.743375389528268,0.03757281324599071,1
ATO,2022-11-09,0.03308526853761318,0.1312714776632303,0.1743960860258893,0.9521427788314638,9009.915151515152,0,0,0,0,0,0,0,0,0,18.6046511627907,-72.28987865416104,10,11.743375389528268,0.03757281324599071,1
ATO,2023-02-07,-0.01407471763683745,0.020503597122302167,0.01666368034402436,0.8267966116555415,32066.951515151515,0,0,0,0,0,0,0,0,0,-1.0362694300518145,18.599294266045554,10,11.743375389528268,0.03757281324599071,0
ATO,2023-05-03,-0.024634401114206114,0.01632653061224487,-0.03712296983758707,1.368872919207378,-53931.03636363636,0,0,0,0,0,0,0,0,0,0.8130081300813016,98.79569360593484,10,11.743375389528268,0.03757281324599071,1
ATO,2023-08-02,0.014321456302303482,0.0032425974912534813,-0.02326161003572328,1.3271715418536454,-42366.448484848486,0,0,0,0,0,0,0,0,0,-5.0505050505050555,-97.03399720708585,10,11.743375389528268,0.03757281324599071,0
ATO,2023-11-08,0.03292737934145246,0.08090248277164158,0.022504018574745453,0.6287883508891277,91855.5090909091,0,0,0,0,0,0,0,0,0,11.111111111111121,-52.11322564506112,10,11.743375389528268,0.03757281324599071,1
ATO,2024-02-06,-0.005482551562092032,-0.022663131788249427,0.013659748092957303,0.989225149284082,-20393.836363636365,0,0,0,0,0,0,0,0,0,1.4634146341463536,35.579353906886,10,11.743375389528268,0.03757281324599071,1
ATO,2024-05-08,-0.0027562446167096744,-0.01689734227732016,0.030713077539392886,0.9111977283008318,8578.666666666666,0,0,0,0,0,0,0,0,0,9.195402298850583,173.37299167489695,10,11.743375389528268,0.03757281324599071,1
ATO,2024-08-07,0.004033296146914948,0.004119464469618984,-0.061371841155234697,1.1013162252964392,5778.30303030303,0,0,0,0,0,0,0,0,0,2.8571428571428594,-129.16688251011234,10,11.743375389528268,0.03757281324599071,1
ATO,2024-11-06,0.012521968365553662,0.0035563942517056837,-0.007821469575200942,1.3412676190525596,-21299.975757575758,0,0,0,0,0,0,0,0,0,7.499999999999993,-62.58937340209975,10,11.743375389528268,0.03757281324599071,1
ALLE,2022-02-15,-0.021594684385381948,0.023296217326068208,0.04880615135572655,0.622091236412235,37826.79393939394,0,0,0,0,0,0,0,0,0,8.823529411764714,3.5622432702630773,15,-10.792948402066372,0.015444039955790911,0
ALLE,2022-04-26,0.03072500224597971,-0.028864059590316543,0.028784074605452008,1.09523285890703,-14755.121212121212,0,0,0,0,0,0,0,0,0,9.183673469387763,-5.265607229166164,15,-10.792948402066372,0.015444039955790911,0
ALLE,2022-07-28,0.09074750666535003,0.1572551073860659,0.09355509355509344,0.9513989137732437,58857.98787878788,0,0,0,0,0,0,0,0,0,3.0075187969924837,10.943828633946392,15,-10.792948402066372,0.015444039955790911,0
ALLE,2022-10-27,0.022004380018771502,0.07574094401756319,0.02253756260434053,0.7098908149127576,85452.03636363636,0,0,0,0,0,0,0,0,0,11.56462585034013,21.011039606180102,15,-10.792948402066372,0.015444039955790911,0
ALLE,2023-02-22,-0.040705442237463196,-0.04512811419452082,-0.0837941301573798,1.1081571113973687,-14905.381818181819,0,0,0,0,0,0,0,0,0,15.107913669064763,-9.777817062459835,15,-10.792948402066372,0.015444039955790911,0
ALLE,2023-04-26,0.06982449518777119,0.07154333238824301,0.0690175372430699,0.8843275140988637,82443.8,0,0,0,0,0,0,0,0,0,16.176470588235293,0.33198063491879637,15,-10.792948402066372,0.015444039955790911,0
ALLE,2023-07-26,-0.038572301247927404,-0.06809338521400776,-0.05490263361070594,0.7818831786730962,118298.86060606061,0,0,0,0,0,0,0,0,0,2.9239766081871372,-19.52080509699667,15,-10.792948402066372,0.015444039955790911,0
ALLE,2023-10-31,0.02450794852384547,0.04286264688884611,0.04417012248047062,1.1033204669287102,6489.430303030303,0,0,0,0,0,0,0,0,0,12.13872832369942,6.678054971682427,15,-10.792948402066372,0.015444039955790911,0
ALLE,2024-02-20,0.004202699426169854,0.040532618708650894,-0.015373642919407226,1.1377249721374765,-11195.212121212122,0,0,0,0,0,0,0,0,0,5.660377358490557,-9.320285299456906,15,-10.792948402066372,0.015444039955790911,0
ALLE,2024-04-25,-0.03509167418094391,-0.03458386587474622,-0.023349558868268887,1.2976692496416116,-12700.933333333332,0,0,0,0,0,0,0,0,0,6.896551724137938,0.7352082993217475,15,-10.792948402066372,0.015444039955790911,0
ALLE,2024-07-24,0.0012767044003745484,0.012131119332358225,0.013177159590043933,0.6775212375927748,1946.509090909091,0,0,0,0,0,0,0,0,0,6.521739130434775,7.235000679036573,15,-10.792948402066372,0.015444039955790911,0
ALLE,2024-10-24,0.008739717978848397,-0.04198925856176334,-0.052562599158446605,0.8579185658358195,-10914.09090909091,0,0,0,0,0,0,0,0,0,9.090909090909099,2.570237589202571,15,-10.792948402066372,0.015444039955790911,0
AMZN,2022-02-03,0.01701678206783245,0.024349881796690336,0.04908903819381384,1.1574296052790436,-3642230.303030303,0,0,0,0,0,0,0,0,0,631.578947368421,38.36826187666604,15,-18.94580492499864,-0.5788229997800598,1
AMZN,2022-04-28,-0.05489584040171,-0.15531566498878033,-0.150990551661079,1.2534760280122104,-2851939.393939394,0,0,0,0,0,0,0,0,0,-52.27272727272727,-23.65111249322178,15,-18.94580492499864,-0.5788229997800598,0
AMZN,2022-07-28,0.18443944873423912,0.11225332721431854,0.04169173901831005,1.0381010475496844,58544.84848484849,0,0,0,0,0,0,0,0,0,-33.33333333333333,6.430233542073402,15,-18.94580492499864,-0.5788229997800598,0
AMZN,2022-10-27,0.02097460968301527,0.05966118340289706,0.06928730696176386,0.9184605923959065,1954096.9696969697,0,0,0,0,0,0,0,0,0,-9.090909090909086,-16.908830045462736,15,-18.94580492499864,-0.5788229997800598,0
AMZN,2023-02-02,0.07500880385021717,0.11928623808359821,-0.038732024771701457,1.2175181883639685,-4643579.393939394,0,0,0,0,0,0,0,0,0,40,35.637406633022934,15,-18.94580492499864,-0.5788229997800598,1
AMZN,2023-04-27,-0.010118043844856596,-0.06649438425603814,-0.0964886964886965,1.0364174994415618,1817013.3333333333,0,0,0,0,0,0,0,0,0,47.61904761904762,-23.082306942349955,15,-18.94580492499864,-0.5788229997800598,1
AMZN,2023-08-03,0.012737322758952202,-0.02030378177309354,-0.05867460908414005,1.1171643138400833,-824613.9393939395,0,0,0,0,0,0,0,0,0,85.71428571428574,0.6779136693440311,15,-18.94580492499864,-0.5788229997800598,1
AMZN,2023-10-26,-0.041563407208100096,-0.016493497057327486,0.08531109685695971,0.8019137965076744,3013968.3333333335,0,0,0,0,0,0,0,0,0,62.06896551724138,-9.83173882575526,15,-18.94580492499864,-0.5788229997800598,1
AMZN,2024-02-01,-0.032186748163079454,-0.02934655014999348,-0.04085578038407013,1.3787880673019053,-5452516.757575758,0,0,0,0,0,0,0,0,0,24.999999999999993,37.55381022616435,15,-18.94580492499864,-0.5788229997800598,1
AMZN,2024-04-30,-0.014103887168902533,-0.03863140828534688,-0.07144014255629348,1.1970603521943493,-766105.2848484848,0,0,0,0,0,0,0,0,0,18.07228915662651,-26.806187519192196,15,-18.94580492499864,-0.5788229997800598,1
AMZN,2024-08-01,0.02231825392483991,-0.03470895098393692,-0.04183542681363765,0.7574676808841724,3449349.1575757577,0,0,0,0,0,0,0,0,0,22.33009708737864,-3.2247934153070714,15,-18.94580492499864,-0.5788229997800598,1
AMZN,2024-10-31,-0.012628424657534167,-0.048669828830686726,0.009851138353765386,0.8259673866457482,2727441.4606060605,0,0,0,0,0,0,0,0,0,25.438596491228076,-9.941888467609989,15,-18.94580492499864,-0.5788229997800598,1
ARE,2022-01-31,-0.006175419046292485,-0.02753293957292141,0.029929746896352607,0.9502741214248568,-37232.01212121212,0,0,0,0,0,0,0,0,0,0.5102040816326535,2.1073244422911763,10,-11.212853873949065,-1.2783227065410063,1
ARE,2022-04-25,0.005360080666560478,-0.031690860764669745,-0.08025440598145361,0.9553649428473462,122319.86666666667,0,0,0,0,0,0,0,0,0,2.499999999999991,0.4610297193229336,10,-11.212853873949065,-1.2783227065410063,1
ARE,2022-07-25,0.11128580217376445,0.23364698740324777,0.08873560139298152,0.6975155770625274,201762.18787878787,0,0,0,0,0,0,0,0,0,153.03030303030297,-3.1642752079254493,10,-11.212853873949065,-1.2783227065410063,1
ARE,2022-10-24,-0.04747941103069637,0.024493356596429854,0.05954611701020184,0.7016738368524134,43201.69090909091,0,0,0,0,0,0,0,0,0,210.29411764705878,-3.1525066515295705,10,-11.212853873949065,-1.2783227065410063,1
ARE,2023-01-30,0.03567977915803994,0.01922032056506373,0.01632127861302991,1.1338581063850262,-16898.6,0,0,0,0,0,0,0,0,0,0.4694835680751282,-5.397099350836504,10,-11.212853873949065,-1.2783227065410063,1
ARE,2023-04-24,0.148422712933754,0.20476545048399106,0.1594872203200892,0.7865450387671301,379758.4303030303,0,0,0,0,0,0,0,0,0,1.8604651162790715,-2.1137225106938544,10,-11.212853873949065,-1.2783227065410063,1
ARE,2023-07-24,-0.04278961771291149,-0.00017323516673881353,-0.005942128832242488,0.7102320597737466,129995.17575757575,0,0,0,0,0,0,0,0,0,1.8181818181818195,-0.1215736747113958,10,-11.212853873949065,-1.2783227065410063,1
ARE,2023-10-23,0.03293094265932903,0.03605769230769241,0.1852719494805459,0.6133104552395339,72701.79393939395,0,0,0,0,0,0,0,0,0,0.8928571428571237,-1.1845956656694199,10,-11.212853873949065,-1.2783227065410063,1
ARE,2024-01-29,-0.08221914860919002,-0.06504892367906068,-0.06934704690665425,1.7164504796023488,-88363.7212121212,0,0,0,0,0,0,0,0,0,-0.4366812227074336,2.3920557689788104,10,-11.212853873949065,-1.2783227065410063,0
ARE,2024-04-22,-0.00912164818746557,0.018262626262626303,0.004063745019920359,0.892182726430803,70193.74545454545,0,0,0,0,0,0,0,0,0,1.731601731601733,-0.6784958664322316,10,-11.212853873949065,-1.2783227065410063,1
ARE,2024-07-22,0.02777535155908819,0.011605914718019332,0.016060789223728517,1.0987707203738961,-50394.41818181818,0,0,0,0,0,0,0,0,0,0.8547008547008554,-0.5389287685347446,10,-11.212853873949065,-1.2783227065410063,1
ARE,2024-10-21,0.0015221987315011147,-0.05035682784059007,-0.0026947368421052055,0.6879033820716369,71709.22424242424,0,0,0,0,0,0,0,0,0,-0.4201680672268818,-2.2739691893884073,10,-11.212853873949065,-1.2783227065410063,0
ALGN,2022-02-02,0.019850489948479582,-0.07715160656337125,0.08235651490243734,1.2197633004905104,-83770.64242424243,0,0,0,0,0,0,0,0,0,4.428044280442808,-6.4992916709015915,15,-4.92688414586592,5.547330020271467,1
ALGN,2022-04-27,0.09764870797958163,-0.040372742617985145,-0.06820988347291138,1.2392932084494106,-8014.993939393939,0,0,0,0,0,0,0,0,0,-4.054054054054068,-18.95478536563311,15,-4.92688414586592,5.547330020271467,0
ALGN,2022-07-27,0.12089668456210811,0.18757327080890968,0.09605674440971387,0.8521041349920401,108510.84848484848,0,0,0,0,0,0,0,0,0,-5.660377358490571,-0.8440170897577643,15,-4.92688414586592,5.547330020271467,0
ALGN,2022-10-26,-0.10754695843758172,-0.02129489332077476,0.10828232238916724,0.6524856433953127,72292.41212121212,0,0,0,0,0,0,0,0,0,-38.46153846153846,-9.087855302590771,15,-4.92688414586592,5.547330020271467,0
ALGN,2023-02-01,-0.0009056148118332583,-0.029375824820372407,-0.15194738640245978,1.4877284339959072,-91245.10909090909,0,0,0,0,0,0,0,0,0,13.815789473684209,6.282865824869083,15,-4.92688414586592,5.547330020271467,1
ALGN,2023-04-26,0.06141213024317538,0.05822480718169161,0.02269741866503727,1.0143893794560206,21503,0,0,0,0,0,0,0,0,0,7.6923076923077,4.644191661163427,15,-4.92688414586592,5.547330020271467,1
ALGN,2023-07-26,-0.021234218895563664,-0.08071085900491808,-0.09542188706133836,0.7683119668109507,48898.65454545455,0,0,0,0,0,0,0,0,0,9.90099009900991,15.283218867482379,15,-4.92688414586592,5.547330020271467,1
ALGN,2023-10-25,0.09979712393340888,0.13313045616623634,0.22975046704029892,1.1966052130903297,-25735.363636363636,0,0,0,0,0,0,0,0,0,-5.309734513274321,-6.048545085267956,15,-4.92688414586592,5.547330020271467,0
ALGN,2024-01-31,-0.16897856242118536,-0.20686385353222217,-0.2143141009429532,2.1486030638061817,-226533.24242424243,0,0,0,0,0,0,0,0,0,11.009174311926593,-5.07139631983765,15,-4.92688414586592,5.547330020271467,1
ALGN,2024-04-24,-0.02791392125677551,-0.052666540140444036,-0.04031146858076708,0.9144322411778434,19470.187878787878,0,0,0,0,0,0,0,0,0,8.62944162436549,-1.912926151988954,15,-4.92688414586592,5.547330020271467,1
ALGN,2024-07-24,-0.026554556120453626,0.01380742913000972,0.03824977058480015,1.0200851798293133,9450.39393939394,0,0,0,0,0,0,0,0,0,2.991452991453004,7.58367008244099,15,-4.92688414586592,5.547330020271467,1
ALGN,2024-10-23,0.023127653807932084,-0.09240262862638245,-0.10938974520289396,0.9387344133855755,19598.80606060606,0,0,0,0,0,0,0,0,0,1.731601731601733,-4.900252090967284,15,-4.92688414586592,5.547330020271467,1
ALNY,2022-02-10,0.10171683913452483,0.20820168934167252,0.35478273443713393,1.7226426841323963,-122235.04848484849,0,0,0,0,0,0,0,0,0,-46.938775510204096,30.882639266839988,15,-1.3597475102186891,3.268524009317596,0
ALNY,2022-04-28,0.06088150667015435,-0.009766221082829901,0.014508160840472724,0.9053633187180775,-499.3393939393939,0,0,0,0,0,0,0,0,0,-3.6269430051813503,-48.90652435880243,15,-1.3597475102186891,3.268524009317596,0
ALNY,2022-07-28,0.04403834631515874,-0.01525854761231984,-0.09138313127362784,1.0547862346420604,9992.351515151515,0,0,0,0,0,0,0,0,0,-41.35802469135802,23.12508406688992,15,-1.3597475102186891,3.268524009317596,0
ALNY,2022-10-27,0.010987947141681642,-0.014857789726899568,0.037865235539654166,1.486270657599578,-97052.68484848485,0,0,0,0,0,0,0,0,0,-78.49462365591397,-17.585749539547404,15,-1.3597475102186891,3.268524009317596,0
ALNY,2023-02-23,0.060865603644646986,0.00452957163194,0.03534747232226231,1.0427687304989557,-6734.163636363636,0,0,0,0,0,0,0,0,0,21.12676056338028,54.87020368306244,15,-1.3597475102186891,3.268524009317596,1
ALNY,2023-05-04,-0.024575959670220065,-0.014850172368072189,-0.08447927448371033,0.9857376075828235,22497.363636363636,0,0,0,0,0,0,0,0,0,28.934010152284266,-15.08085029885531,15,-1.3597475102186891,3.268524009317596,1
ALNY,2023-08-03,-0.026532614026483554,0.009818884818884854,-0.026437119874435876,1.0411880740420987,34193.41818181818,0,0,0,0,0,0,0,0,0,-28.488372093023255,-21.421181588704325,15,-1.3597475102186891,3.268524009317596,0
ALNY,2023-11-02,0.2048844358419675,0.20908311910882602,0.25192239441618364,1.4048825239448834,-74724.38787878788,0,0,0,0,0,0,0,0,0,185.82089552238807,103.41503664721428,15,-1.3597475102186891,3.268524009317596,1
ALNY,2024-02-15,0.03110574905581204,-0.00020344845124876894,0.06872179633556237,0.7505024073666394,37017.721212121214,0,0,0,0,0,0,0,0,0,8.333333333333323,-86.29796581582656,15,-1.3597475102186891,3.268524009317596,1
ALNY,2024-05-02,0.0016872511304582575,-0.023359873659274933,-0.026179384554819298,1.1136879880312738,-5270.139393939394,0,0,0,0,0,0,0,0,0,85.71428571428571,17.365481046387615,15,-1.3597475102186891,3.268524009317596,1
ALNY,2024-08-01,0.03366696997270231,-0.35130725618958275,-0.39069803080223736,0.3181761292634859,588182.0787878787,0,0,0,0,0,0,0,0,0,152.33644859813086,-67.16837621508,15,-1.3597475102186891,3.268524009317596,1
ALNY,2024-10-31,-0.045726153173504175,-0.03354243542435415,-0.03421955086839475,0.9464429852020794,8638.975757575758,0,0,0,0,0,0,0,0,0,0,0,0,0,0,1
DVN,2022-02-15,0.012712826333711744,-0.08754346492125181,-0.0769708255741775,0.5269604045381949,1166964.8848484848,0,0,0,0,0,0,0,0,0,14.876033057851235,-161.04425151399073,15,4.281470432388687,-0.20910775754898592,1
DVN,2022-05-02,-0.09576111206452728,-0.15696000000000004,-0.15520282186948853,1.5096255438743624,-1307407.6787878787,0,0,0,0,0,0,0,0,0,7.428571428571422,3.81501505611827,15,4.281470432388687,-0.20910775754898592,1
DVN,2022-08-01,0.19338159255429146,0.19813116456134272,0.33333333333333326,1.1178602733381948,1173050.1333333333,0,0,0,0,0,0,0,0,0,8.823529411764705,9.807818792625412,15,4.281470432388687,-0.20910775754898592,1
DVN,2022-11-01,0.06539958096378337,0.234009360374415,-0.011799000555247203,1.203951905015278,-22171.939393939392,0,0,0,0,0,0,0,0,0,2.8301886792452855,-42.95619564513071,15,4.281470432388687,-0.20910775754898592,1
DVN,2023-02-14,0.08809359944941508,0.0017424362426738385,-0.0144927536231884,1.0280168152519824,59787.412121212124,0,0,0,0,0,0,0,0,0,-5.142857142857148,-32.011839816545844,15,4.281470432388687,-0.20910775754898592,0
DVN,2023-05-08,0.009233412067854836,-0.07132977672396759,-0.1500904159132007,1.1087017153040581,-305750.9636363636,0,0,0,0,0,0,0,0,0,5.797101449275368,-29.964654471295432,15,4.281470432388687,-0.20910775754898592,1
DVN,2023-08-01,-0.008032128514056196,0.03477167993297018,-0.022943037974683618,1.2740950946087215,-251863.72121212122,0,0,0,0,0,0,0,0,0,0,7.409118528760622,15,4.281470432388687,-0.20910775754898592,0
DVN,2023-11-07,0.0624597553122987,0.03773584905660371,0.022938623682579033,1.02919735097254,-178204.1696969697,0,0,0,0,0,0,0,0,0,5.095541401273875,25.47345905954975,15,4.281470432388687,-0.20910775754898592,1
DVN,2024-02-27,0.06453121346738364,0.10563380281690145,0.11894814450725003,1.1580038911372605,146967.0484848485,0,0,0,0,0,0,0,0,0,0,8.795514539614729,15,4.281470432388687,-0.20910775754898592,0
DVN,2024-05-01,-0.018748683378976207,-0.05035677879714575,-0.1396379756187662,1.2359560793170006,-471721.02424242423,0,0,0,0,0,0,0,0,0,4.504504504504489,-4.225956568630744,15,4.281470432388687,-0.20910775754898592,1
DVN,2024-08-06,-0.03946263643996647,-0.04127383197150637,-0.051409618573797757,1.1401966496240368,-134371.03636363638,0,0,0,0,0,0,0,0,0,11.904761904761898,-2.5954053969996767,15,4.281470432388687,-0.20910775754898592,1
DVN,2024-11-05,-0.02819318460406959,0.017453798767967137,-0.07728119180633147,0.9014831914126393,530877.8363636363,0,0,0,0,0,0,0,0,0,0.9174311926605512,13.23270422166512,15,4.281470432388687,-0.20910775754898592,1
DXCM,2022-02-10,0.06985431453119159,0.17425174251742506,0.3178722621019694,0.6045466661589429,176470.30303030304,0,0,0,0,0,0,0,0,0,-22.72727272727272,23.9666892335217,15,-5.791440511621737,1.9636282422602171,0
DXCM,2022-04-28,-0.009228994424149142,-0.1129282148390429,-0.201704105344694,1.0388795214828126,-105633.93939393939,0,0,0,0,0,0,0,0,0,-38.46153846153847,-32.59451194657358,15,-5.791440511621737,1.9636282422602171,0
DXCM,2022-07-28,0.10330399653729615,0.0692114093959732,-0.06652832031250003,1.047634571902139,65480.606060606064,0,0,0,0,0,0,0,0,0,0,1.4118324359279653,15,-5.791440511621737,1.9636282422602171,0
DXCM,2022-10-27,-0.008971627228888607,0.011445576284765937,-0.028580850829943875,1.071807347590359,-61147.27272727273,0,0,0,0,0,0,0,0,0,16.666666666666682,3.1515499582747424,15,-5.791440511621737,1.9636282422602171,1
DXCM,2023-02-09,0.045458686344174264,0.02748679380427977,0.06397181531615062,0.6829510449216586,64736.36363636364,0,0,0,0,0,0,0,0,0,30.769230769230777,19.41746971310451,15,-5.791440511621737,1.9636282422602171,1
DXCM,2023-04-27,-0.003711558854718997,-0.05244578920827037,-0.025077827741266046,1.2164106248877296,-47549.69696969697,0,0,0,0,0,0,0,0,0,13.333333333333346,-23.137014969668133,15,-5.791440511621737,1.9636282422602171,1
DXCM,2023-07-27,-0.04954346963080595,-0.06374159236665107,-0.06256851996867666,0.9068268492216576,116201.81818181818,0,0,0,0,0,0,0,0,0,47.82608695652174,6.707906031017207,15,-5.791440511621737,1.9636282422602171,1
DXCM,2023-10-26,0.01926378027846649,0.135089209855565,0.17528040466241476,0.9778430507516734,-41786.96363636364,0,0,0,0,0,0,0,0,0,47.058823529411754,6.387894556442154,15,-5.791440511621737,1.9636282422602171,1
DXCM,2024-02-08,-0.0573021902529702,-0.0426003447426742,-0.08366721659203398,1.0476005544418698,-214970.13333333333,0,0,0,0,0,0,0,0,0,16.27906976744186,19.911946118819966,15,-5.791440511621737,1.9636282422602171,1
DXCM,2024-04-25,-0.01226178165164719,-0.003353953939032486,-0.03458234062522556,1.595528994614756,-503132.6,0,0,0,0,0,0,0,0,0,18.518518518518512,-33.81037735987777,15,-5.791440511621737,1.9636282422602171,1
DXCM,2024-07-25,0.010094097519247155,0.01234567901234566,0.06464701109007305,0.9827577413939926,-136716.07272727272,0,0,0,0,0,0,0,0,0,10.25641025641025,-2.6989920749131118,15,-5.791440511621737,1.9636282422602171,1
DXCM,2024-10-24,0.01852662290299046,0.012764722947490505,0.05787878787878777,0.9469330473102686,-6069.145454545454,0,0,0,0,0,0,0,0,0,2.2727272727272747,-6.900729945099206,15,-5.791440511621737,1.9636282422602171,1
FANG,2022-02-22,-0.07965766951942062,-0.13443231947991643,-0.1135066582117945,1.0540590912603514,-79117.47272727273,0,0,0,0,0,0,0,0,0,7.396449704142012,-77.59748532667908,15,3.2978501066810324,-0.500263284455774,1
FANG,2022-05-02,-0.040015214910612336,-0.13869360453211382,-0.11127544193253053,1.4072748965480983,-121983.4303030303,0,0,0,0,0,0,0,0,0,15.044247787610635,-27.5289604000193,15,3.2978501066810324,-0.500263284455774,1
FANG,2022-08-01,0.20860250224875299,0.1881984082321731,0.3386468616973102,1.1716606968830965,222392.73333333334,0,0,0,0,0,0,0,0,0,7.446808510638301,1.6733993415786586,15,3.2978501066810324,-0.500263284455774,1
FANG,2022-11-07,0.13654513888888892,0.08691681886103282,-0.060490815154994305,0.925980616427541,14632.121212121212,0,0,0,0,0,0,0,0,0,2.3696682464455034,-24.39723253634109,15,3.2978501066810324,-0.500263284455774,1
FANG,2023-02-21,-0.07145381299031743,-0.0984697728676319,-0.10087599233506712,1.1837538068957218,-59681.3696969697,0,0,0,0,0,0,0,0,0,1.340996168582381,-36.22190785084995,15,3.2978501066810324,-0.500263284455774,1
FANG,2023-05-01,0.06838856400259899,0.0487960452878328,-0.08136043019763954,1.6101709183559738,-227625.88484848486,0,0,0,0,0,0,0,0,0,-5.3117782909930815,-14.75752789353408,15,3.2978501066810324,-0.500263284455774,0
FANG,2023-07-31,0.007767593599502873,0.01980820625687793,-0.05395945748869752,1.304363616506872,-3047.8545454545456,0,0,0,0,0,0,0,0,0,-5.641025641025635,9.19956012912683,15,3.2978501066810324,-0.500263284455774,0
FANG,2023-11-06,0.03778973235040179,0.008910123966942119,-0.06189589962178065,0.7172343208294693,80426.98181818181,0,0,0,0,0,0,0,0,0,9.580838323353301,36.52657814360303,15,3.2978501066810324,-0.500263284455774,1
FANG,2024-02-20,0.00802516692347201,0.038700714474728726,0.0005097814312112667,1.0089855721259497,-20948.327272727274,0,0,0,0,0,0,0,0,0,1.716738197424894,-0.1021047917599649,15,3.2978501066810324,-0.500263284455774,1
FANG,2024-04-30,-0.028640623354743593,-0.05238828967642521,-0.10684029626760902,1.2026710240501437,-20305.17575757576,0,0,0,0,0,0,0,0,0,1.8099547511312233,0.41220061855809753,15,3.2978501066810324,-0.500263284455774,1
FANG,2024-08-05,-0.05287077715497651,-0.07927936772863386,-0.1028412895819382,1.3818241840566947,-26730.62424242424,0,0,0,0,0,0,0,0,0,0.2217294900221682,-9.897271103628583,15,3.2978501066810324,-0.500263284455774,1
FANG,2024-11-04,-0.0341988950276243,0.024497450624157573,-0.10335453426343869,0.8419131215504982,317794.2181818182,0,0,0,0,0,0,0,0,0,-15.075376884422113,13.21565293825104,15,3.2978501066810324,-0.500263284455774,0
DLR,2022-02-17,0.0364894434916316,0.10205621580833799,0.1863534827049347,0.7134405060961386,61926.81212121212,0,0,0,0,0,0,0,0,0,-0.5952380952380958,-4.7317829411380385,15,-20.974829253063902,-0.2862365969738727,0
DLR,2022-04-28,0.0022197558268589193,-0.021456436931079317,-0.0748582747080118,1.0902686026692165,41363.08484848485,0,0,0,0,0,0,0,0,0,0,1.2170556900994378,15,-20.974829253063902,-0.2862365969738727,0
DLR,2022-07-28,0.06646865216344225,0.004233124196840293,0.03441563497625155,1.0001071070612677,55174.624242424245,0,0,0,0,0,0,0,0,0,-5.487804878048772,-2.5765086660048406,15,-20.974829253063902,-0.2862365969738727,0
DLR,2022-10-26,-0.058777120315581875,0.07332433648223113,0.18765555002488793,0.5532113528013989,206672.9090909091,0,0,0,0,0,0,0,0,0,0,6.736155128221298,15,-20.974829253063902,-0.2862365969738727,0
DLR,2023-02-16,-0.041003376748673416,-0.0536037322669713,-0.09065959198609456,1.0645373800570401,35516.412121212124,0,0,0,0,0,0,0,0,0,-1.7857142857142874,2.1017580595318925,15,-20.974829253063902,-0.2862365969738727,0
DLR,2023-04-27,0.0008514664143803539,0.08136563426351844,0.14022418624703606,0.702505941076358,275867.75757575757,0,0,0,0,0,0,0,0,0,0.6060606060606066,8.117892938734887,15,-20.974829253063902,-0.2862365969738727,1
DLR,2023-07-27,-0.012954848542579533,-0.0069005175388154,-0.09494278976329802,0.8227694899969541,8481.763636363636,0,0,0,0,0,0,0,0,0,1.81818181818182,-2.889990459911056,15,-20.974829253063902,-0.2862365969738727,1
DLR,2023-10-26,-0.007255785534255075,0.023545161036302033,0.1287885366912721,0.7261533869661755,173916.01212121212,0,0,0,0,0,0,0,0,0,0,-0.880252498246886,15,-20.974829253063902,-0.2862365969738727,0
DLR,2024-02-15,0.019474196689386734,-0.0030762469786859113,-0.04275968774175388,0.8337764969640178,19083.327272727274,0,0,0,0,0,0,0,0,0,-0.6097560975609762,-11.422116782348908,15,-20.974829253063902,-0.2862365969738727,0
DLR,2024-05-02,0.01545082545505854,0.03516973532796328,0.0178925035360679,1.1720223753255292,-35616.93939393939,0,0,0,0,0,0,0,0,0,2.4539877300613524,-4.880165552354402,15,-20.974829253063902,-0.2862365969738727,1
DLR,2024-07-25,-0.016813450760608365,-0.014709815458678714,-0.02867312635950164,0.7623729039768856,19151.927272727273,0,0,0,0,0,0,0,0,0,1.2269938650306762,-0.6866122542264748,15,-20.974829253063902,-0.2862365969738727,1
DLR,2024-10-24,-0.04892829803521299,-0.05387739560857982,-0.06975728458226746,0.8019435916554887,29495.630303030302,0,0,0,0,0,0,0,0,0,0,7.75312302061495,15,-20.974829253063902,-0.2862365969738727,0
DFS,2022-01-19,-0.03619302949061672,-0.044306601683650866,-0.07081933316102351,1.2145213128896133,-116201.2,0,0,0,0,0,0,0,0,0,-1.0869565217391313,6.709028668149822,15,-1.2544076300977949,-0.3742332439328555,0
DFS,2022-04-27,-0.050386171386539204,-0.07892624632123424,-0.06803826024183354,1.2115534867386655,72932.08484848485,0,0,0,0,0,0,0,0,0,16.574585635359107,-23.960621014754622,15,-1.2544076300977949,-0.3742332439328555,1
DFS,2022-07-20,0.022432432432432387,0.23546701502286083,0.16627273661494185,0.6836575431684255,99601.37575757576,0,0,0,0,0,0,0,0,0,4.761904761904766,35.01240531757945,15,-1.2544076300977949,-0.3742332439328555,1
DFS,2022-10-24,-0.05615258011424156,-0.045806009591856774,0.038342741506017616,0.8199059393014623,148180.69090909092,0,0,0,0,0,0,0,0,0,-4.8387096774193585,2.3980433867531943,15,-1.2544076300977949,-0.3742332439328555,0
DFS,2023-01-18,0.048690947734518326,0.03106003039513674,0.12196382428940565,0.9170633476763643,-44214.2,0,0,0,0,0,0,0,0,0,3.005464480874313,10.106414443106981,15,-1.2544076300977949,-0.3742332439328555,1
DFS,2023-04-19,-0.017112768758227318,0.1484823625922888,0.1865663735565208,0.712627557793463,156182.54545454544,0,0,0,0,0,0,0,0,0,-8.43989769820972,-12.192776266218385,15,-1.2544076300977949,-0.3742332439328555,0
DFS,2023-07-19,-0.05245781364636842,-0.10015676711374326,-0.11933174224343676,0.9221010223191952,-32768.721212121214,0,0,0,0,0,0,0,0,0,-3.542234332425066,-4.939375708344359,15,-1.2544076300977949,-0.3742332439328555,0
DFS,2023-10-18,-0.01590240714519124,0.013574153017724857,0.040179599355284305,1.0529017539636962,-9382.115151515152,0,0,0,0,0,0,0,0,0,-18.80877742946709,-3.1086842599002384,15,-1.2544076300977949,-0.3742332439328555,0
DFS,2024-01-17,-0.0793751319400464,-0.15566311713455952,-0.21880877742946714,1.1795737374221926,-95118.44242424243,0,0,0,0,0,0,0,0,0,-38.4,-47.848537889945284,15,-1.2544076300977949,-0.3742332439328555,0
DFS,2024-04-17,0.021487465645040497,0.005987532808398983,-0.020836659747724726,1.2597880977352527,-118648.8303030303,0,0,0,0,0,0,0,0,0,-62.71186440677966,8.157826497955842,15,-1.2544076300977949,-0.3742332439328555,0
DFS,2024-07-17,0,0,0,1,0,0,0,0,0,0,0,0,0,0,0,0,0,0,0,1
DFS,2024-10-16,0,0,0,1,0,0,0,0,0,0,0,0,0,0,0,0,0,0,0,1