symbol,date,price_change_5d,price_change_10d,price_change_20d,volume_ratio,volume_trend,sentiment_news_delta,sentiment_reddit_accel,sentiment_options_shift,social_stocktwits_24h_change,social_stocktwits_hourly_momentum,social_stocktwits_7d_trend,social_twitter_24h_change,social_twitter_hourly_momentum,social_twitter_7d_trend,earnings_surprise,revenue_growth_accel,analyst_coverage_change,rsi_momentum,macd_histogram_trend,fed_rate_change_30d,unemployment_rate_change,cpi_inflation_rate,gdp_growth_rate,treasury_yield_10y,sec_insider_buying_ratio,sec_institutional_ownership_change,sec_8k_filing_count_30d,analyst_price_target_change,earnings_whisper_vs_estimate,short_interest_change,institutional_ownership_momentum,options_put_call_ratio_change,dividend_yield_change,market_beta_30d,label
AAPL,2023-03-25,0.024060449393517567,0.005139548500422822,0.022975567767993105,1.3263175674960597,-5560137.1454545455,0,0,0,0,0,0,0,0,0,-10.476190476190485,47.70151683241157,15,15.168001115585,1.496956233691337,4.65,3.5,301.643,22439.607,3.98,0,0,0,0,0,0,0,0,0,1,0
AAPL,2023-06-24,-0.001035971223021622,-0.008454727220794163,-0.04078474716772587,1.0974422256853766,-2952271.7393939393,0,0,0,0,0,0,0,0,0,0,-6.115452825899281,15,15.168001115585,1.496956233691337,5.08,3.6,304.099,22580.499,3.73,0,0,0,0,0,0,0,0,0,1,0
AAPL,2023-09-23,0.022588076642130753,0.04591954022988511,-0.031298238143397,1.3484823838426274,-5921725.472727273,0,0,0,0,0,0,0,0,0,5.000000000000004,-23.578352889139317,15,15.168001115585,1.496956233691337,5.33,3.8,307.374,22840.989,4.27,0,0,0,0,0,0,0,0,0,1,0
AAPL,2023-12-23,-0.02908852315599537,-0.05552896122546672,-0.06517504606475387,1.3075073445355878,-2785736.793939394,0,0,0,0,0,0,0,0,0,13.178294573643404,-14.344892763300006,15,15.168001115585,1.496956233691337,0,3.8,308.735,23033.78,4.12,0,0,0,0,0,0,0,0,0,1,0
AAPL,2024-03-23,-0.013115972812234488,0.010823452626998697,0.03445396860736946,1.0598601984967564,-2453983.6606060606,0,0,0,0,0,0,0,0,0,15.957446808510653,49.69262044091691,15,15.168001115585,1.496956233691337,0,3.9,312.107,23082.119,4.09,0,0,0,0,0,0,0,0,0,1,0
AAPL,2024-06-22,-0.006447418323671223,-0.03402865571007168,-0.04613784135240574,1.3864070556718908,-6620721.751515152,0,0,0,0,0,0,0,0,0,0.6578947368421059,-15.137028641407143,15,15.168001115585,1.496956233691337,0,4.1,313.131,23286.508,4.28,0,0,0,0,0,0,0,0,0,1,0
AAPL,2024-09-21,0.03070648352163523,-0.021626913492345964,-0.04321336872796892,1.6102666424051546,-7784591.406060606,0,0,0,0,0,0,0,0,0,11.111111111111104,-15.10669161885623,15,15.168001115585,1.496956233691337,0,4.1,314.851,23478.57,3.73,0,0,0,0,0,0,0,0,0,1,0
AAPL,2024-12-21,0.014322916666666656,0.003509239516702168,-0.038394415357766186,1.1094580677329153,-1896057.496969697,0,0,0,0,0,0,0,0,0,-33.56164383561644,-16.452860697431504,15,15.168001115585,1.496956233691337,0,4.1,317.603,23586.542,4.19,0,0,0,0,0,0,0,0,0,1,0
AAPL,2025-03-22,0.011920075465225971,-0.022895706537490172,-0.02414819715514391,1.1990797568669935,-3566666.187878788,0,0,0,0,0,0,0,0,0,10.091743119266043,57.575664700421925,15,15.168001115585,1.496956233691337,0,4.2,319.615,23548.21,4.28,0,0,0,0,0,0,0,0,0,1,0
AAPL,2025-06-21,0.03979948351815274,-0.028848427524237382,0.022404779686333084,1.1957285981972494,-4040987.987878788,0,0,0,0,0,0,0,0,0,7.843137254901953,-25.794342517028447,15,15.168001115585,1.496956233691337,4.33,4.1,321.5,23770.976,4.4,0,0,0,0,0,0,0,0,0,1,0
MSFT,2023-03-24,-0.007985603419187925,-0.017525620080201882,0.053721476643702,1.2380672917866162,-120152.36363636363,0,0,0,0,0,0,0,0,0,-11.290322580645155,9.9665329580837,15,3.9416439962012717,1.1337386201292063,4.65,3.5,301.643,22439.607,3.98,0,0,0,0,0,0,0,0,9.63855421686748,1,0
MSFT,2023-06-23,-0.022093432807146672,-0.027356687898089094,-0.08169462986349137,0.8856581219778241,-134047.8,0,0,0,0,0,0,0,0,0,10.360360360360358,-4.94917358070705,15,3.9416439962012717,1.1337386201292063,5.08,3.6,304.099,22580.499,3.73,0,0,0,0,0,0,0,0,9.63855421686748,1,1
MSFT,2023-09-23,0.01501873471030863,0.03439787932340311,0.0000610202587258415,1.024143857874364,-211110.84848484848,0,0,0,0,0,0,0,0,0,20.627802690582957,10.191807243386968,15,3.9416439962012717,1.1337386201292063,5.33,3.8,307.374,22840.989,4.27,0,0,0,0,0,0,0,0,9.63855421686748,1,1
MSFT,2023-12-24,-0.0218747400815104,-0.06212616636095383,-0.05796907959734047,0.9173145602216258,274229.3333333333,0,0,0,0,0,0,0,0,0,27.234042553191497,-4.957139190873445,15,3.9416439962012717,1.1337386201292063,0,3.8,308.735,23033.78,4.12,0,0,0,0,0,0,0,0,9.63855421686748,1,1
MSFT,2024-03-24,-0.03542979431696596,0.003935059149631181,-0.022341656222886433,1.039518346977712,35578.55757575758,0,0,0,0,0,0,0,0,0,33.18181818181818,10.188126343709069,15,3.9416439962012717,1.1337386201292063,0,3.9,312.107,23082.119,4.09,0,0,0,0,0,0,0,0,9.63855421686748,1,0
MSFT,2024-06-23,-0.002893378984423949,-0.015873015873015775,0.00004836525440133163,0.8255931508167349,141310.8606060606,0,0,0,0,0,0,0,0,0,19.99999999999999,-7.246288898602684,15,3.9416439962012717,1.1337386201292063,0,4.1,313.131,23286.508,4.28,0,0,0,0,0,0,0,0,9.63855421686748,1,0
MSFT,2024-09-23,-0.026772080193093947,-0.055726814347504115,-0.052716114493934915,1.2829293831902524,-1257957.1454545455,0,0,0,0,0,0,0,0,0,9.66542750929369,4.437439255765957,15,3.9416439962012717,1.1337386201292063,0,4.1,314.851,23478.57,3.73,0,0,0,0,0,0,0,0,9.63855421686748,1,0
MSFT,2024-12-24,-0.03332228901405793,-0.015759036144578364,-0.052253004779804255,0.9196783910807481,883249.8666666667,0,0,0,0,0,0,0,0,0,10.367892976588616,-8.778456855709909,15,3.9416439962012717,1.1337386201292063,0,4.1,317.603,23586.542,4.19,0,0,0,0,0,0,0,0,9.63855421686748,1,0
MSFT,2025-03-24,0.002855399633923163,0.006096515926841831,0.05773636387036991,0.8935180598310216,88380.4909090909,0,0,0,0,0,0,0,0,0,10.238907849829344,6.819347531653594,15,3.9416439962012717,1.1337386201292063,0,4.2,319.615,23548.21,4.28,0,0,0,0,0,0,0,0,9.63855421686748,1,0
MSFT,2025-06-23,-0.005835023818749578,-0.039844145552204564,-0.05584778232352752,0.9642466936906597,439382.40606060607,0,0,0,0,0,0,0,0,0,17.687074829931973,-4.3190034800334605,15,3.9416439962012717,1.1337386201292063,4.33,4.1,321.5,23770.976,4.4,0,0,0,0,0,0,0,0,9.63855421686748,1,1
GOOGL,2023-03-24,0.08423065311462202,0.1114091190427068,0.17108695652173908,1.268500955793456,-711179.490909091,0,0,0,0,0,0,0,0,0,-31.372549019607842,20.092015200504726,15,9.434956968655541,0.8729156365690399,4.65,3.5,301.643,22439.607,3.98,0,0,0,0,0,0,0,0,0,1,0
GOOGL,2023-06-23,-0.06317673378076065,-0.13364779874213842,-0.15381506627869385,0.9124577053150636,1797944.9515151514,0,0,0,0,0,0,0,0,0,-4.878048780487809,-11.670833076146858,15,9.434956968655541,0.8729156365690399,5.08,3.6,304.099,22580.499,3.73,0,0,0,0,0,0,0,0,0,1,0
GOOGL,2023-09-23,-0.012182897679080762,-0.01393165024630522,-0.05919071748549588,0.9026092637948125,377209.2727272727,0,0,0,0,0,0,0,0,0,19.008264462809915,7.831395808019499,15,9.434956968655541,0.8729156365690399,5.33,3.8,307.374,22840.989,4.27,0,0,0,0,0,0,0,0,0,1,1
GOOGL,2023-12-24,-0.008753071253071365,-0.05718250200832551,-0.020931290762930526,0.9841728861805171,244294.68484848485,0,0,0,0,0,0,0,0,0,46.226415094339615,-7.129620234306399,15,9.434956968655541,0.8729156365690399,0,3.8,308.735,23033.78,4.12,0,0,0,0,0,0,0,0,0,1,1
GOOGL,2024-03-24,-0.03570469798657713,0.02248790207799599,0.07746531683539568,0.9003681344329737,-36714.739393939395,0,0,0,0,0,0,0,0,0,56.19047619047618,22.828180864558593,15,9.434956968655541,0.8729156365690399,0,3.9,312.107,23082.119,4.09,0,0,0,0,0,0,0,0,0,1,1
GOOGL,2024-06-23,-0.0032611918173733254,-0.045211859593320504,-0.029277588496852767,0.9603792296765341,545666.5696969697,0,0,0,0,0,0,0,0,0,61.53846153846154,-15.720991886909491,15,9.434956968655541,0.8729156365690399,0,4.1,313.131,23286.508,4.28,0,0,0,0,0,0,0,0,0,1,1
GOOGL,2024-09-23,-0.02700555996822868,-0.02276632302405503,-0.025278491859468698,1.4641961989976149,-2082947.6606060606,0,0,0,0,0,0,0,0,0,31.25,2.539753301217824,15,9.434956968655541,0.8729156365690399,0,4.1,314.851,23478.57,3.73,0,0,0,0,0,0,0,0,0,1,1
GOOGL,2024-12-24,-0.05107933837959061,-0.018841671980984406,-0.01312029855968278,0.9256194537734642,792105.2606060606,0,0,0,0,0,0,0,0,0,36.7741935483871,-8.226524022518308,15,9.434956968655541,0.8729156365690399,0,4.1,317.603,23586.542,4.19,0,0,0,0,0,0,0,0,0,1,1
GOOGL,2025-03-24,0.0857343261033775,0.08637909625870539,0.20489791030477217,1.3175605131702468,-3127366.5636363635,0,0,0,0,0,0,0,0,0,31.097560975609756,17.510670593983452,15,9.434956968655541,0.8729156365690399,0,4.2,319.615,23548.21,4.28,0,0,0,0,0,0,0,0,0,1,1
GOOGL,2025-06-23,0.075024549918167,-0.011914074252361692,-0.028515648109802953,1.1250130650658117,-921042.696969697,0,0,0,0,0,0,0,0,0,48.677248677248684,-13.298389638457607,15,9.434956968655541,0.8729156365690399,4.33,4.1,321.5,23770.976,4.4,0,0,0,0,0,0,0,0,0,1,1