symbol,date,price_change_5d,price_change_10d,price_change_20d,volume_ratio,volume_trend,sentiment_news_delta,sentiment_reddit_accel,sentiment_options_shift,earnings_surprise,revenue_growth_accel,analyst_coverage_change,rsi_momentum,macd_histogram_trend,label
AAPL,2022-01-27,0,0,0,1,0,0.5,0.33692000000000005,0.828795683946775,0,0,0,0,0,1
AAPL,2022-04-28,0,0,0,1,0,0.5,0.33692000000000005,0.828795683946775,0,0,0,0,0,1
AAPL,2022-07-28,0,0,0,1,0,0.5,0.33692000000000005,0.828795683946775,0,0,0,0,0,1
AAPL,2022-10-27,0,0,0,1,0,0.5,0.33692000000000005,0.828795683946775,0,0,0,0,0,1
AAPL,2023-02-02,0,0,0,1,0,0.5,0.33692000000000005,0.828795683946775,0,0,0,0,0,0
AAPL,2023-05-04,0,0,0,1,0,0.5,0.33692000000000005,0.828795683946775,0,0,0,0,0,1
AAPL,2023-08-03,0,0,0,1,0,0.5,0.33692000000000005,0.828795683946775,0,0,0,0,0,1
AAPL,2023-11-02,0,0,0,1,0,0.5,0.33692000000000005,0.828795683946775,0,0,0,0,0,1
AAPL,2024-02-01,0,0,0,1,0,0.5,0.33692000000000005,0.828795683946775,0,0,0,0,0,1
AAPL,2024-05-02,0,0,0,1,0,0.5,0.33692000000000005,0.828795683946775,0,0,0,0,0,1
MSFT,2022-01-25,0,0,0,1,0,0.5,0.45616999999999996,0.8610074471336872,0,0,0,0,0,1
MSFT,2022-04-26,0,0,0,1,0,0.5,0.45616999999999996,0.8610074471336872,0,0,0,0,0,1
MSFT,2022-07-26,0,0,0,1,0,0.5,0.45616999999999996,0.8610074471336872,0,0,0,0,0,0
MSFT,2022-10-25,0,0,0,1,0,0.5,0.45616999999999996,0.8610074471336872,0,0,0,0,0,1
MSFT,2023-01-24,0,0,0,1,0,0.5,0.45616999999999996,0.8610074471336872,0,0,0,0,0,1
MSFT,2023-04-25,0,0,0,1,0,0.5,0.45616999999999996,0.8610074471336872,0,0,0,0,0,1
MSFT,2023-07-25,0,0,0,1,0,0.5,0.45616999999999996,0.8610074471336872,0,0,0,0,0,1
MSFT,2023-10-24,0,0,0,1,0,0.5,0.45616999999999996,0.8610074471336872,0,0,0,0,0,1
MSFT,2024-01-30,0,0,0,1,0,0.5,0.45616999999999996,0.8610074471336872,0,0,0,0,0,1
MSFT,2024-04-25,0,0,0,1,0,0.5,0.45616999999999996,0.8610074471336872,0,0,0,0,0,1
GOOGL,2022-02-01,0,0,0,1,0,0.5,0.7268753333333333,0.6392575043620901,0,0,0,0,0,1
GOOGL,2022-04-26,0,0,0,1,0,0.5,0.7268753333333333,0.6392575043620901,0,0,0,0,0,0
GOOGL,2022-07-26,0,0,0,1,0,0.5,0.7268753333333333,0.6392575043620901,0,0,0,0,0,0
GOOGL,2022-10-25,0,0,0,1,0,0.5,0.7268753333333333,0.6392575043620901,0,0,0,0,0,0
GOOGL,2023-02-02,0,0,0,1,0,0.5,0.7268753333333333,0.6392575043620901,0,0,0,0,0,0
GOOGL,2023-04-25,0,0,0,1,0,0.5,0.7268753333333333,0.6392575043620901,0,0,0,0,0,1
GOOGL,2023-07-25,0,0,0,1,0,0.5,0.7268753333333333,0.6392575043620901,0,0,0,0,0,1
GOOGL,2023-10-24,0,0,0,1,0,0.5,0.7268753333333333,0.6392575043620901,0,0,0,0,0,1
GOOGL,2024-01-30,0,0,0,1,0,0.5,0.7268753333333333,0.6392575043620901,0,0,0,0,0,1
GOOGL,2024-04-25,0,0,0,1,0,0.5,0.7268753333333333,0.6392575043620901,0,0,0,0,0,1